username,password,firstName,lastName,email,contactNumber,cardNumber,cardExpiry,cvv
chamar93,bD2*qIoC0z,Charles,Martinez,cmartinez37@outlook.com,5744528389,3.55187E+15,24-Apr,264
johher77,vG1@7DTSpn,John,Hernandez,jhernandez98@gmail.com,7207389871,4.39892E+15,26-Jun,359
wilsmi31,gX6^zH5kHy,William,Smith,wsmith71@gmail.com,3109675869,3.56188E+15,25-Aug,779
robher53,oA0$hGMJGj,Robert,Hernandez,rhernandez81@yahoo.com,1299337024,2.15199E+15,23-Nov,276
linrod71,xX7*cyFZcL,Linda,Rodriguez,lrodriguez17@hotmail.com,6750986054,1.55376E+15,29-Oct,173
robmar66,gF5&JCs4Zd,Robert,Martinez,rmartinez46@yahoo.com,6399349447,1.73442E+15,27-Nov,251
robmoo65,zO0*RljOa3,Robert,Moore,rmoore27@yahoo.com,6542079524,9.26956E+15,23-Nov,226
karjon68,qR0*Ioh0hp,Karen,Jones,kjones52@outlook.com,449639137,2.35261E+15,23-Sep,672
sarlop20,nG1!FvmdqB,Sarah,Lopez,slopez66@yahoo.com,6373823899,6.39863E+15,30-Nov,945
martho28,rW8*Q1ylFC,Mary,Thomas,mthomas78@hotmail.com,2632407960,5.15517E+15,25-May,523
johgar77,zH1*LDbNZc,John,Garcia,jgarcia14@yahoo.com,7078464831,2.33452E+15,26-Apr,910
wilwil78,pC5#jyP0vZ,William,Williams,wwilliams78@yahoo.com,3878924606,5.59458E+14,29-Aug,509
jostay25,fF1@k9itCJ,Joseph,Taylor,jtaylor57@yahoo.com,5868311406,9.63565E+14,26-Dec,313
elijac56,xL4@1NNwsR,Elizabeth,Jackson,ejackson90@outlook.com,6726126817,1.36103E+15,30-Sep,536
davjon25,wI8&32Y1Qo,David,Jones,djones77@outlook.com,8745130719,6.0364E+14,24-Sep,820
marrod22,nD6*R9Ya2k,Mary,Rodriguez,mrodriguez28@outlook.com,7495697203,4.03494E+15,28-Apr,914
jamrod36,kA0*aHKswi,James,Rodriguez,jrodriguez70@hotmail.com,6366730948,2.85266E+15,30-Sep,372
jenmoo72,xS0%1gbVUh,Jennifer,Moore,jmoore85@yahoo.com,8524027099,6.92331E+15,26-Oct,248
thomil50,eU4#23TPHC,Thomas,Miller,tmiller23@outlook.com,2872434052,4.45927E+15,30-Aug,688
jossmi67,xR1&jkzBFd,Joseph,Smith,jsmith27@hotmail.com,9861608457,1.28094E+15,30-Oct,997
sartay38,hD0^BV0phV,Sarah,Taylor,staylor88@gmail.com,4031976945,1.19238E+15,26-Feb,959
wiltho94,wS9#rKtPp1,William,Thomas,wthomas80@yahoo.com,388305267,9.33182E+15,26-Jul,354
margar64,hA4$z7sVPC,Mary,Garcia,mgarcia57@outlook.com,4802815128,6.96333E+15,26-Apr,494
chajon13,hK6@DOVw2I,Charles,Jones,cjones73@yahoo.com,3383885915,3.9949E+15,26-Feb,929
thotho73,jC9&90zCAn,Thomas,Thomas,tthomas70@yahoo.com,5953040414,1.57554E+15,27-Feb,100
patwil80,yJ3!pHNvcZ,Patricia,Williams,pwilliams20@yahoo.com,5562056488,2.61128E+15,25-Feb,581
wilwil82,jD4@vBMNMk,William,Williams,wwilliams87@outlook.com,9324294393,1.63931E+15,24-Jun,117
lingon65,wG8*4QBWDP,Linda,Gonzalez,lgonzalez98@hotmail.com,2828670743,6.32785E+15,24-Jun,538
josdav57,bT4!ZsZRz6,Joseph,Davis,jdavis75@outlook.com,9507109946,6.21754E+15,24-Dec,175
davher58,zF4&S3s3wi,David,Hernandez,dhernandez71@hotmail.com,8936056462,9.45038E+14,23-Aug,807
sarand49,gZ6*YyJC0J,Sarah,Anderson,sanderson67@gmail.com,5989731291,4.07025E+15,27-Nov,818
jestho87,iG0^SZzot9,Jessica,Thomas,jthomas33@outlook.com,8108788144,5.39341E+15,26-Aug,893
sustho35,lJ8!mZ7ZVw,Susan,Thomas,sthomas16@gmail.com,2949869930,8.11092E+15,28-Feb,421
josdav74,iE9&fgZVtY,Joseph,Davis,jdavis69@hotmail.com,6387221672,8.74094E+15,23-Jul,313
margar74,lI8!OxJuSn,Mary,Garcia,mgarcia23@outlook.com,3518297079,5.1632E+15,29-Apr,696
sarmoo66,vV6$7Jg8qY,Sarah,Moore,smoore69@gmail.com,8259172469,4.55758E+13,30-May,339
thojoh36,eQ6%PvOi29,Thomas,Johnson,tjohnson70@yahoo.com,3200930314,3.65373E+14,24-Jun,345
jenmar66,bJ8%xuEFcZ,Jennifer,Martin,jmartin58@gmail.com,7428559781,6.90011E+15,28-Mar,705
margar33,cQ6^ovvuCK,Mary,Garcia,mgarcia39@hotmail.com,4230594331,7.56784E+15,30-Apr,345
bartho30,pU2*g8jwJv,Barbara,Thomas,bthomas32@hotmail.com,1606711678,1.03581E+15,27-May,388
karmar39,eV8$Pgzq21,Karen,Martin,kmartin69@hotmail.com,978187125,1.00199E+15,24-Jan,252
thodav16,bZ5*vNs0Gm,Thomas,Davis,tdavis68@hotmail.com,3235465483,4.42092E+15,28-Oct,999
ricjoh99,cP2@LqEqKC,Richard,Johnson,rjohnson14@yahoo.com,2098329932,5.87658E+15,23-Nov,426
karjon32,iG9*rsvlJq,Karen,Jones,kjones12@hotmail.com,5636870463,5.89089E+15,28-Jul,193
karsmi61,tE1%eHU1gj,Karen,Smith,ksmith89@hotmail.com,5387144042,5.46109E+15,24-Jul,493
robjon33,mQ5%BQygnI,Robert,Jones,rjones56@hotmail.com,736139478,8.38233E+15,27-Aug,937
karlop93,aP0#1FBDHw,Karen,Lopez,klopez41@yahoo.com,6097355279,2.99409E+15,25-Sep,486
patsmi60,dN4!iMWsDr,Patricia,Smith,psmith94@hotmail.com,6656743763,6.67381E+15,28-Dec,746
wilgar37,aC1*dbXOJI,William,Garcia,wgarcia25@outlook.com,8262535484,7.19174E+15,24-Mar,950
chawil14,aE0!NzGvBc,Charles,Wilson,cwilson47@yahoo.com,5150041681,8.80855E+15,28-Dec,904
jamtay36,qR5^xV9JEh,James,Taylor,jtaylor17@gmail.com,9306583778,9.55377E+15,30-Jan,426
kartho32,oQ3!eqgm6E,Karen,Thomas,kthomas98@outlook.com,5641534570,5.04167E+14,28-Mar,379
ricmoo95,yU0$Kp3CQw,Richard,Moore,rmoore41@outlook.com,580094844,6.57911E+15,29-Oct,814
jamjoh45,aY0*VzxhQe,James,Johnson,jjohnson60@hotmail.com,4277196490,6.84519E+15,30-Oct,199
marbro93,fT4*ISvFrQ,Mary,Brown,mbrown82@outlook.com,4678160738,8.17196E+15,29-Jan,174
jammil63,eF2@2RzH6j,James,Miller,jmiller24@hotmail.com,3576743344,2.17201E+14,25-Jan,265
ricjon62,aU2@lO0NOM,Richard,Jones,rjones58@yahoo.com,7159784751,5.859E+15,24-Aug,245
jamand29,iM9$3qOUTq,James,Anderson,janderson71@outlook.com,765984303,6.22203E+14,25-Feb,520
patmil38,lW6!pjDeAU,Patricia,Miller,pmiller19@gmail.com,9985256791,6.30319E+15,27-Sep,378
marbro65,sO9%Mj0lSt,Mary,Brown,mbrown38@hotmail.com,3619032779,6.73207E+15,30-Jun,567
thoher80,aY1$KZGbp9,Thomas,Hernandez,thernandez52@hotmail.com,6471085166,6.32087E+15,24-Apr,333
elimoo83,qJ3#XXiLoz,Elizabeth,Moore,emoore45@yahoo.com,5843540535,2.37244E+15,02/29,847
elimil92,dP1#dIcaVe,Elizabeth,Miller,emiller60@outlook.com,812126208,9.29659E+15,28-Dec,623
chalop52,gC6@ffb70Z,Charles,Lopez,clopez17@yahoo.com,1270688268,9.40706E+14,24-Aug,747
elimar84,yY7&tmHXPh,Elizabeth,Martin,emartin94@gmail.com,2582635599,5.00273E+15,23-Aug,323
elijoh39,fT1#t9kktx,Elizabeth,Johnson,ejohnson44@yahoo.com,5834668985,4.38297E+15,27-May,803
patmoo60,vI1*P45Sif,Patricia,Moore,pmoore11@hotmail.com,6205341530,6.34486E+15,29-Jan,369
karmil49,iT2%QAOf5L,Karen,Miller,kmiller24@yahoo.com,2316758546,8.83964E+15,23-Oct,729
patwil89,lI7^H1yc4N,Patricia,Wilson,pwilson36@gmail.com,1783226415,7.18145E+15,02/29,810
barsmi36,jB7#13chJs,Barbara,Smith,bsmith75@gmail.com,7691340247,6.45228E+15,24-Nov,593
susand27,xL2!meBNz0,Susan,Anderson,sanderson30@hotmail.com,5627403425,9.61033E+15,27-Nov,870
elirod84,gJ6*WaGQfS,Elizabeth,Rodriguez,erodriguez38@hotmail.com,2501425687,1.28157E+14,27-Feb,980
davtho89,sA1$iqWPux,David,Thomas,dthomas64@gmail.com,3331959318,9.95544E+15,23-Jul,988
thojoh61,xR9#dCacpF,Thomas,Johnson,tjohnson33@outlook.com,9138570332,1.82355E+15,29-Jun,392
lintay41,dN7&NSR5Tr,Linda,Taylor,ltaylor21@hotmail.com,2800363225,8.99286E+15,24-Aug,655
bartay10,eL7&lP1CLo,Barbara,Taylor,btaylor24@gmail.com,5622000347,2.87695E+14,28-Jan,691
ricwil41,eW4^OtmHc1,Richard,Wilson,rwilson45@gmail.com,1569564944,1.87854E+15,27-Jan,581
jamtho53,nW2&6WCpDu,James,Thomas,jthomas69@yahoo.com,1171718770,1.12039E+15,25-Nov,763
davwil94,iE8%ZJbdXq,David,Williams,dwilliams75@hotmail.com,827079203,4.75929E+15,25-Nov,749
patjoh22,pP0&PiPC0n,Patricia,Johnson,pjohnson39@yahoo.com,1223227229,6.28541E+15,29-Sep,752
joswil70,cM6@lxi1Po,Joseph,Wilson,jwilson19@gmail.com,2490389035,4.6173E+15,23-Oct,389
micgon47,pR7!tp8KEh,Michael,Gonzalez,mgonzalez17@yahoo.com,5058779175,9.3936E+15,29-Jul,964
micjac35,vB2^H64Wzg,Michael,Jackson,mjackson15@gmail.com,3665321299,9.15315E+15,24-Feb,825
jentay48,iI7&bMltn2,Jennifer,Taylor,jtaylor52@gmail.com,693992367,6.12187E+14,28-Mar,189
marwil88,dT9!yGqMP8,Mary,Williams,mwilliams13@hotmail.com,3885735955,6.60874E+15,29-Oct,147
jengar59,pS7$otgH8f,Jennifer,Garcia,jgarcia59@outlook.com,6228795824,9.81813E+15,30-Aug,138
ricmar95,vM5&uxPy30,Richard,Martinez,rmartinez77@yahoo.com,6055262265,5.12524E+14,30-Oct,801
thojoh35,aM2^aEPfnu,Thomas,Johnson,tjohnson47@gmail.com,2762708558,2.00173E+15,29-Jul,815
susdav83,nA6&UEcCtV,Susan,Davis,sdavis64@hotmail.com,4501328913,6.22394E+15,26-Jul,101
barwil63,eZ9!TutDzq,Barbara,Wilson,bwilson75@yahoo.com,1551541466,4.61212E+15,27-Oct,680
jenand99,pF4!61M6hP,Jennifer,Anderson,janderson71@gmail.com,8569787631,1.13167E+14,30-Aug,291
barlop73,rI2*vHVwtk,Barbara,Lopez,blopez98@gmail.com,735874796,2.61988E+15,27-Jun,234
chalop86,hX1&lQTZjX,Charles,Lopez,clopez31@gmail.com,95275104,4.41592E+15,29-Apr,590
jesand47,qP0^8AoivM,Jessica,Anderson,janderson50@yahoo.com,3467789214,7.17308E+15,30-Dec,388
jamtay37,qU3@sOEusk,James,Taylor,jtaylor12@yahoo.com,8424464958,8.75902E+15,23-Feb,172
mictho74,kN7$UwyCNj,Michael,Thomas,mthomas41@gmail.com,1632114055,7.73367E+15,30-Aug,314
charod44,hS5&BaoMYi,Charles,Rodriguez,crodriguez67@outlook.com,3609728008,6.0607E+15,25-Apr,348
josgar95,pB3^C6MMYc,Joseph,Garcia,jgarcia92@gmail.com,6750483899,2.60127E+15,24-Jun,915
marwil84,pR1!1eLVF4,Mary,Williams,mwilliams70@gmail.com,8428784505,4.12375E+15,02/29,496
davher29,nQ8*2Oh6j9,David,Hernandez,dhernandez48@outlook.com,9596941090,6.91931E+15,30-May,511
jesrod40,dM3*GdbzVS,Jessica,Rodriguez,jrodriguez84@outlook.com,2606868424,9.38633E+15,24-Nov,322
micwil15,vI3$KC4Lz1,Michael,Wilson,mwilson74@gmail.com,9003666934,1.25699E+15,29-Jun,246
robsmi24,mO1@1JruSu,Robert,Smith,rsmith66@outlook.com,5941781341,1.87142E+15,26-Apr,292
thojoh79,uD1*POpG9e,Thomas,Johnson,tjohnson89@gmail.com,6601800998,4.82411E+15,23-Jul,967
lingon86,rM3@P8Uahr,Linda,Gonzalez,lgonzalez37@gmail.com,7727176025,4.71556E+15,26-Jan,847
bardav12,oH2#6OhZly,Barbara,Davis,bdavis13@hotmail.com,2842292067,3.10043E+15,30-Dec,879
davlop39,uB1$vERjoJ,David,Lopez,dlopez79@hotmail.com,9971271414,7.96436E+15,30-Jul,857
kartay43,aW9^Om4Yvx,Karen,Taylor,ktaylor55@outlook.com,6641101106,4.33212E+15,23-Jul,983
elijac53,bK3#jp0dxu,Elizabeth,Jackson,ejackson84@hotmail.com,2935296481,8.23966E+15,30-Dec,404
wilgon52,mQ4$56p1eH,William,Gonzalez,wgonzalez73@gmail.com,7624064280,9.51492E+14,26-Oct,767
robgar80,dR9%MSswmy,Robert,Garcia,rgarcia67@yahoo.com,569676817,6.51148E+15,29-Sep,617
sustho63,yY9!OeOn4U,Susan,Thomas,sthomas99@hotmail.com,2117792333,7.70671E+15,23-Jan,703
bargon33,fH7#uvg2Jz,Barbara,Gonzalez,bgonzalez73@hotmail.com,1026291622,7.25853E+15,26-Jan,458
patbro23,rQ5#SZERNt,Patricia,Brown,pbrown68@yahoo.com,7420350251,7.91223E+15,28-Sep,629
elijoh24,fW7@kkA19y,Elizabeth,Johnson,ejohnson34@hotmail.com,7618508845,5.61333E+15,25-Apr,842
kargon73,kV1*FqgT1t,Karen,Gonzalez,kgonzalez14@outlook.com,1188298156,5.66116E+14,29-Jan,141
rictho70,pI5$kqbLLc,Richard,Thomas,rthomas49@hotmail.com,277002276,2.13011E+15,25-Jun,290
lindav14,qV6#GOC6rT,Linda,Davis,ldavis25@gmail.com,254679253,8.31599E+15,26-Nov,188
robmar34,mF0*xubt41,Robert,Martinez,rmartinez16@gmail.com,5464275647,1.78126E+15,29-Jul,445
jamand63,uE2@j9kzdP,James,Anderson,janderson88@yahoo.com,6255322931,8.40675E+15,23-Jun,543
davgon43,wF7^8pChDX,David,Gonzalez,dgonzalez57@yahoo.com,9342616281,6.12687E+15,24-Oct,648
jamrod32,wO6#Hsuv81,James,Rodriguez,jrodriguez50@hotmail.com,7312232112,1.77148E+15,28-Jan,800
johmoo93,mZ9%ExCMj5,John,Moore,jmoore24@yahoo.com,8519757373,1.13795E+15,25-Aug,835
elilop98,rI4!ucmosj,Elizabeth,Lopez,elopez72@yahoo.com,4198633776,2.84221E+15,30-Oct,704
marlop46,pM8%RAJoso,Mary,Lopez,mlopez18@yahoo.com,6513010501,7.20387E+15,28-Apr,185
chamoo20,mZ6@Frz9Av,Charles,Moore,cmoore19@outlook.com,6704581341,5.4567E+15,25-Mar,722
elitay45,pP1!tX6RZv,Elizabeth,Taylor,etaylor73@outlook.com,2271711979,3.61974E+15,24-Jul,244
thomar52,hF7@Zf6xLf,Thomas,Martinez,tmartinez23@hotmail.com,105721998,5.5519E+15,23-Sep,888
micjac89,sP3#FtHc0S,Michael,Jackson,mjackson62@hotmail.com,7619449207,3.68392E+15,23-Jun,109
bardav91,wF8$lrD1DD,Barbara,Davis,bdavis79@hotmail.com,726099268,8.74279E+15,24-Aug,373
robsmi36,fY7@GGqap6,Robert,Smith,rsmith66@yahoo.com,6917812119,3.03558E+15,23-Oct,920
patmoo87,tX1#xwpJnd,Patricia,Moore,pmoore14@yahoo.com,2102306373,8.95723E+15,26-Mar,299
patjac39,mS6&RBmrzd,Patricia,Jackson,pjackson85@hotmail.com,7437631602,7.41266E+15,23-Sep,329
riclop59,dW2#Ylbp0K,Richard,Lopez,rlopez56@outlook.com,3048739953,3.93428E+15,23-Oct,540
wiland43,tJ5$xxov3j,William,Anderson,wanderson46@hotmail.com,6789371244,2.32877E+15,30-Jun,174
micdav17,yZ1!bGApk5,Michael,Davis,mdavis34@gmail.com,4172968642,1.98425E+15,25-Feb,454
sarmil95,iJ3!jHCm6i,Sarah,Miller,smiller54@gmail.com,4592760497,2.27729E+15,26-Nov,962
josdav97,tJ3!lGjWPp,Joseph,Davis,jdavis61@gmail.com,5902912080,5.07265E+15,24-Dec,922
tholop31,eN8&nXin2u,Thomas,Lopez,tlopez76@yahoo.com,900454113,4.97999E+15,24-Jan,125
micdav87,kQ4#T2FbBJ,Michael,Davis,mdavis30@gmail.com,2095714764,2.11005E+15,26-Jan,717
chajon69,fD3&cz0k8v,Charles,Jones,cjones83@yahoo.com,2653861768,5.635E+15,30-Nov,981
jenwil64,xX9!0VgTME,Jennifer,Wilson,jwilson65@hotmail.com,4106266516,3.80483E+15,23-Jul,768
wilsmi64,mH2!Pf20uE,William,Smith,wsmith32@hotmail.com,801970397,8.02449E+15,30-Oct,10
sarjon20,pM8&vPizJl,Sarah,Jones,sjones28@gmail.com,6939488012,1.67714E+15,23-Jul,264
eligar84,fI5%jikPBb,Elizabeth,Garcia,egarcia94@yahoo.com,4022029377,7.58381E+15,23-Aug,248
elimar57,xM0^cM9OLO,Elizabeth,Martin,emartin41@outlook.com,4888366731,2.45561E+15,30-Nov,374
sarrod60,uN2@NhxWzg,Sarah,Rodriguez,srodriguez35@gmail.com,1260206757,2.5901E+14,23-Sep,489
jamrod47,oZ8#Lch9DB,James,Rodriguez,jrodriguez40@outlook.com,3294649737,1.60094E+15,24-Apr,546
jesrod85,gV2^TOrOCj,Jessica,Rodriguez,jrodriguez46@yahoo.com,3948167604,2.78672E+15,25-Sep,241
davwil97,aD0*z93MoK,David,Williams,dwilliams72@yahoo.com,7867678144,8.47974E+15,28-Feb,683
micjon30,mM5&AN4I6e,Michael,Jones,mjones92@yahoo.com,228527994,2.07214E+15,30-Jan,103
johlop70,eE9#awtzqC,John,Lopez,jlopez22@outlook.com,2165399715,1.3998E+15,23-Dec,127
thomar75,vK9!bTGbf4,Thomas,Martinez,tmartinez49@hotmail.com,3940213524,8.80724E+15,25-Jun,177
chamil31,jF2$Vw4Sir,Charles,Miller,cmiller30@hotmail.com,917316840,4.08077E+15,28-Oct,433
linjon94,oQ9^pOSCEO,Linda,Jones,ljones70@yahoo.com,5178909649,7.30091E+15,27-Jan,966
johjac89,wA0^HAHqqD,John,Jackson,jjackson17@yahoo.com,9545765413,1.62017E+15,24-Jan,659
jostho76,oE8!B4WNsH,Joseph,Thomas,jthomas20@outlook.com,8346388854,1.36829E+15,29-Apr,944
ricand59,sS5@PlJRdn,Richard,Anderson,randerson98@yahoo.com,4750788316,4.20419E+15,30-Aug,361
patand13,uH7$ZuDfKW,Patricia,Anderson,panderson47@yahoo.com,4138001132,1.05726E+15,25-Jun,842
chaher82,fG0!F3OZjo,Charles,Hernandez,chernandez45@hotmail.com,7506424258,3.6212E+15,28-Mar,838
elilop59,cR3#iMCLM4,Elizabeth,Lopez,elopez79@yahoo.com,3200370342,9.04371E+15,26-Oct,259
micsmi46,iQ3!8qrrp2,Michael,Smith,msmith42@yahoo.com,4903342387,6.59903E+15,30-Jun,441
jamjon66,fS2#lAE9DM,James,Jones,jjones76@gmail.com,2080554811,1.02351E+14,23-Nov,655
jesrod11,oW4!WH8C4m,Jessica,Rodriguez,jrodriguez18@outlook.com,9865891023,9.91083E+15,26-May,892
robmoo54,vE1!I6wSNb,Robert,Moore,rmoore67@hotmail.com,7753161050,6.8485E+15,27-Nov,927
ricjon37,zY7!lTG68K,Richard,Jones,rjones22@gmail.com,4619617261,9.05198E+15,25-Jul,909
micgon52,pA4#NgylGY,Michael,Gonzalez,mgonzalez53@yahoo.com,2261288256,2.80705E+15,27-Nov,489
micwil99,eA8$FSRowC,Michael,Wilson,mwilson89@outlook.com,7814169733,4.08098E+15,27-Nov,260
jossmi32,eO7@UNWlZg,Joseph,Smith,jsmith54@hotmail.com,8344539110,1.41698E+15,27-Mar,108
jammar60,bD1%m30pvd,James,Martinez,jmartinez67@yahoo.com,2457071831,7.12052E+15,28-Apr,543
sussmi58,aH3!G5SRuz,Susan,Smith,ssmith93@hotmail.com,4110649116,9.12323E+15,26-Feb,202
barjac13,aI7*OEU841,Barbara,Jackson,bjackson50@yahoo.com,4363439269,5.61071E+14,25-Jul,547
patjon67,yA4#4xLSW4,Patricia,Jones,pjones84@hotmail.com,1758201848,5.12928E+15,23-Jul,755
thojac16,kB0$zKxjhy,Thomas,Jackson,tjackson68@gmail.com,7216070014,4.74115E+15,23-Feb,176
thogon54,jJ8&KqkE9V,Thomas,Gonzalez,tgonzalez86@outlook.com,223116944,4.20544E+15,26-Feb,605
thosmi83,nT8$8aHYFz,Thomas,Smith,tsmith50@outlook.com,1211491919,9.80802E+15,24-Aug,119
ricbro18,kC7*hsERRT,Richard,Brown,rbrown60@outlook.com,9473099368,9.99292E+15,30-Dec,246
susdav57,fX7&eEnSQR,Susan,Davis,sdavis46@hotmail.com,6514611661,2.0092E+15,30-Dec,516
jamtay91,eQ3^C18mQp,James,Taylor,jtaylor19@gmail.com,3056056130,8.51378E+15,25-Feb,421
sargar29,wL4*tfIuo0,Sarah,Garcia,sgarcia88@hotmail.com,188779858,9.05418E+15,29-Nov,530
chamoo76,sO6&BqpOQU,Charles,Moore,cmoore85@gmail.com,7571951387,9.26138E+15,27-May,756
jesjac16,dD3@Xsp6sW,Jessica,Jackson,jjackson21@gmail.com,9706905655,9.21602E+15,30-Nov,158
jamrod38,iG4&W0q6sI,James,Rodriguez,jrodriguez45@outlook.com,1192533520,5.98006E+15,30-Mar,400
robmar12,hJ5%vhd1Ms,Robert,Martin,rmartin68@yahoo.com,7069087427,5.36782E+15,24-Dec,141
jesgar77,sW5^UsEXmY,Jessica,Garcia,jgarcia23@outlook.com,9945074822,4.92414E+15,28-Mar,490
microd94,eM8&4nsy9Y,Michael,Rodriguez,mrodriguez35@hotmail.com,2464821342,8.41152E+15,26-Jan,199
marher50,jL3%I9h4lm,Mary,Hernandez,mhernandez36@gmail.com,3798574858,5.10508E+15,28-Sep,388
microd19,iU3^P9GMW2,Michael,Rodriguez,mrodriguez67@hotmail.com,9311954705,7.06195E+15,23-Jun,397
jenjon37,iF3@zloTH0,Jennifer,Jones,jjones33@hotmail.com,73347,5.40663E+14,28-Feb,665
mictho18,sY3!JsGVzc,Michael,Thomas,mthomas75@hotmail.com,9454498451,3.86729E+15,30-Dec,902
microd98,hK3#yizZcd,Michael,Rodriguez,mrodriguez51@hotmail.com,4840064847,9.35484E+15,28-Jan,982
kartho81,gQ6!ybDFTM,Karen,Thomas,kthomas47@gmail.com,9234628620,4.98428E+15,24-Jan,984
karjoh70,cV4^YBP3eE,Karen,Johnson,kjohnson17@outlook.com,6183159337,2.98947E+15,28-Jun,564
elijon21,iG9*AfnEbU,Elizabeth,Jones,ejones53@hotmail.com,8879974366,9.41203E+15,25-Aug,136
patjoh93,qD3#GKuplS,Patricia,Johnson,pjohnson32@yahoo.com,9369864524,6.287E+15,26-Sep,415
wiltho15,xU3$bvJdfw,William,Thomas,wthomas46@outlook.com,8107431856,3.19772E+15,26-Feb,276
micgar89,sO4#HWSdG1,Michael,Garcia,mgarcia26@gmail.com,6315275873,9.0529E+15,23-Sep,797
johmar59,pJ0&EGcX5P,John,Martinez,jmartinez67@outlook.com,9696096055,3.06461E+15,26-Apr,688
robjoh26,vM2&2uP8n2,Robert,Johnson,rjohnson38@gmail.com,2780401935,6.43056E+15,27-Feb,952
bartay66,mS3&Yy4xsZ,Barbara,Taylor,btaylor87@hotmail.com,6471744613,5.85953E+15,27-Feb,428
chatay49,qG1!VvqtAo,Charles,Taylor,ctaylor31@outlook.com,4842420827,1.47892E+15,27-Apr,402
sustho52,pR4@SmN41g,Susan,Thomas,sthomas18@outlook.com,1291056832,9.51087E+15,27-Jul,967
karlop87,fM3^ySl55b,Karen,Lopez,klopez61@yahoo.com,4781626565,5.01931E+15,29-Dec,755
robmar72,dS4%o2A1Kt,Robert,Martinez,rmartinez35@outlook.com,6121114668,8.77535E+15,23-Apr,241
jensmi65,lX9#lGFjbP,Jennifer,Smith,jsmith93@gmail.com,9513844013,1.54603E+15,23-Aug,299
linmar71,tT6@bU3Awj,Linda,Martinez,lmartinez93@gmail.com,2392936902,2.04419E+15,24-Apr,133
sartay90,aR1$x6q4sN,Sarah,Taylor,staylor44@gmail.com,6557072698,8.66735E+15,26-Sep,512
linand24,iR1$a3OLED,Linda,Anderson,landerson27@outlook.com,4623714680,4.89339E+15,24-Oct,274
ricjon29,rQ3#HamNZR,Richard,Jones,rjones97@outlook.com,8154846983,7.70412E+15,24-May,789
johdav22,fR7$suhSsi,John,Davis,jdavis96@outlook.com,4516148974,6.05244E+15,27-Oct,910
jesgon74,kG4#FGKBaz,Jessica,Gonzalez,jgonzalez43@outlook.com,963090353,6.64742E+15,26-Dec,350
barsmi51,cP2#ddNQPM,Barbara,Smith,bsmith81@gmail.com,8845609748,2.56845E+15,26-Dec,876
willop15,sG5^3ujsO7,William,Lopez,wlopez48@outlook.com,4140419113,4.64398E+15,29-Aug,149
micwil27,vX1@2nogdY,Michael,Wilson,mwilson87@outlook.com,4712944174,8.24227E+15,29-Jul,693
robmar33,lW9&IUl0qU,Robert,Martin,rmartin22@outlook.com,7240801168,7.67128E+15,25-May,950
roblop35,cR5$IBf965,Robert,Lopez,rlopez28@hotmail.com,6486819502,7.55438E+14,24-Sep,955
wilwil93,bA7%G0MvgM,William,Wilson,wwilson28@outlook.com,6979724468,5.09431E+15,27-Apr,745
johjon17,bK0!PdSCio,John,Jones,jjones65@outlook.com,8719796314,9.78682E+15,23-May,641
micsmi14,bK4^hHct9r,Michael,Smith,msmith86@hotmail.com,6682848692,3.41364E+15,28-Oct,540
johand24,aB5@DQ05Nm,John,Anderson,janderson44@hotmail.com,3562979539,3.06824E+15,29-Oct,957
karmil73,hP3&C01Lmm,Karen,Miller,kmiller21@yahoo.com,8159375253,8.7083E+14,25-Dec,350
chagar11,wV5$0XtTwb,Charles,Garcia,cgarcia27@gmail.com,6637352690,6.26703E+15,24-Aug,826
davrod12,yW8*cT8Ozx,David,Rodriguez,drodriguez83@outlook.com,992411061,4.67067E+15,27-Feb,473
mictay37,aQ4$PLCZ91,Michael,Taylor,mtaylor67@yahoo.com,8791582740,1.55968E+15,29-Nov,325
chajac77,vH1&DFURTV,Charles,Jackson,cjackson42@hotmail.com,4598528759,6.15488E+15,23-Feb,160
karmar14,aJ0!lzOoPP,Karen,Martin,kmartin55@yahoo.com,9577833336,8.11076E+15,25-Jul,694
susmar30,vG7&qLkWDi,Susan,Martinez,smartinez34@hotmail.com,3078249753,5.80897E+15,30-Sep,343
jamtho71,pI6*wS7iz8,James,Thomas,jthomas56@gmail.com,1702449721,7.82076E+15,25-Sep,148
thoher27,xX9%q7g5I0,Thomas,Hernandez,thernandez65@hotmail.com,5003890545,4.67494E+15,30-Jan,769
karmar17,gV1$JZXeGS,Karen,Martinez,kmartinez83@outlook.com,4609095127,6.06642E+15,23-Nov,861
sargon61,lP8$Ix33YU,Sarah,Gonzalez,sgonzalez77@yahoo.com,899030644,2.12164E+15,24-Aug,104
jamgar10,lZ7&2kLsKK,James,Garcia,jgarcia94@gmail.com,3493974521,5.75012E+15,24-Sep,731
wilmar97,bW9^ySVKXz,William,Martin,wmartin86@hotmail.com,5821010278,3.84621E+15,25-Oct,237
mictay37,wA2@ab2X3M,Michael,Taylor,mtaylor28@outlook.com,4948546898,9.15961E+15,02/30,109
karher65,dY5&Pq0axv,Karen,Hernandez,khernandez74@outlook.com,120813585,2.9755E+15,23-Dec,791
patmar28,rL0#L9ZcEz,Patricia,Martin,pmartin45@hotmail.com,2697694581,9.15657E+15,30-Sep,732
davbro93,tH2#TjXpSN,David,Brown,dbrown34@outlook.com,3169259093,5.03016E+15,29-Jul,458
barmoo70,rT5^5SxrR6,Barbara,Moore,bmoore19@hotmail.com,5696776018,4.89362E+15,25-Jan,853
susjac27,lO3&09CpAP,Susan,Jackson,sjackson87@outlook.com,9315372388,1.29473E+15,24-Jul,351
johmil89,fL9$UGzOZj,John,Miller,jmiller60@yahoo.com,1641184618,5.13187E+15,27-Jul,285
jamjon83,yP1^56yHUm,James,Jones,jjones56@yahoo.com,9405287849,2.6927E+15,23-Oct,767
karwil86,kR6$sfmhjj,Karen,Williams,kwilliams21@outlook.com,957320834,8.91312E+15,23-Jul,807
elimil42,hD2*JvwMVU,Elizabeth,Miller,emiller94@hotmail.com,2972635865,7.2791E+15,27-Jul,996
jesher51,gY4&aoEITN,Jessica,Hernandez,jhernandez48@yahoo.com,6622556508,3.94292E+15,30-Jun,643
jengon75,aK6^jWC40E,Jennifer,Gonzalez,jgonzalez80@yahoo.com,3034991469,6.20173E+15,24-Aug,566
robbro13,oC9^97SEOo,Robert,Brown,rbrown58@yahoo.com,1141207625,2.83395E+14,30-Aug,350
jamjon37,aE7$vpg7h7,James,Jones,jjones43@yahoo.com,9866723148,3.04642E+15,27-Dec,239
chatay30,bZ0@3KbHsd,Charles,Taylor,ctaylor90@hotmail.com,8529128977,5.53943E+14,26-Jan,619
thowil43,kC6&FMOqb0,Thomas,Williams,twilliams12@outlook.com,1670433540,5.32919E+15,24-Dec,147
barbro25,mE5#3v3ece,Barbara,Brown,bbrown42@yahoo.com,4460407503,7.49668E+15,29-Dec,163
ricjac40,hD4%cX4isj,Richard,Jackson,rjackson33@gmail.com,7935807454,9.08468E+15,24-Jan,320
lingon34,xK3$5h2AgR,Linda,Gonzalez,lgonzalez35@hotmail.com,6148499602,4.42628E+15,24-Sep,794
davmil62,bN8!1BwKeH,David,Miller,dmiller13@hotmail.com,8051774504,5.67918E+15,30-Apr,837
sarbro65,eK6%RprMH7,Sarah,Brown,sbrown23@gmail.com,1541746765,6.17143E+15,24-Feb,279
johbro83,rB4#qlqfw8,John,Brown,jbrown96@outlook.com,3501751854,8.18352E+15,24-Mar,651
patdav35,sN3$plyCp0,Patricia,Davis,pdavis40@outlook.com,328746527,3.37096E+15,23-Jun,355
susher19,bX7#voqV2d,Susan,Hernandez,shernandez36@yahoo.com,972897996,8.99026E+15,25-Sep,937
jendav93,kR3!vGSsjA,Jennifer,Davis,jdavis67@gmail.com,4030913657,2.01751E+15,23-Jun,339
karbro14,aZ3!vueeab,Karen,Brown,kbrown93@gmail.com,4333852534,3.48377E+14,27-Dec,721
jeswil54,pG4%7MMrzP,Jessica,Williams,jwilliams75@outlook.com,2045261785,9.84327E+15,26-Nov,105
ricgon41,zX6^lO8Ptk,Richard,Gonzalez,rgonzalez60@outlook.com,7093359857,3.93971E+15,24-Jan,324
johrod40,pV3@742TO9,John,Rodriguez,jrodriguez92@yahoo.com,687637150,9.64221E+15,30-Mar,169
jesdav86,dF8#qw3RI6,Jessica,Davis,jdavis69@yahoo.com,9989648513,9.82191E+15,26-Jun,863
sarbro79,tJ0&ZZ1UAl,Sarah,Brown,sbrown16@gmail.com,184088995,2.03948E+14,28-Mar,832
patmar65,lS7!mDJDsn,Patricia,Martin,pmartin11@yahoo.com,5268073275,4.40686E+15,25-Oct,417
bargon82,iR2#D45uT2,Barbara,Gonzalez,bgonzalez77@hotmail.com,9556897391,5.95725E+15,29-Nov,321
jeswil22,mO2*SEceoU,Jessica,Williams,jwilliams23@hotmail.com,4804236658,4.99005E+15,28-Mar,641
lintay69,cE6$v9QL9R,Linda,Taylor,ltaylor67@gmail.com,9475710680,2.8591E+15,26-Apr,294
jessmi31,sI6@1nU6zP,Jessica,Smith,jsmith28@outlook.com,9633855337,8.21035E+15,23-Sep,208
josmoo90,oB2&QZs3yS,Joseph,Moore,jmoore51@hotmail.com,6606078979,6.63148E+15,29-Jul,839
susmar79,fJ2$2PYxaj,Susan,Martinez,smartinez63@outlook.com,7049621389,3.00362E+15,27-Oct,196
johwil21,mR3&1Tmkkd,John,Williams,jwilliams89@gmail.com,2089413672,7.52337E+15,25-Sep,587
suswil32,uH4%or6RIG,Susan,Williams,swilliams23@yahoo.com,3952284281,2.76531E+15,24-Jun,624
jenbro37,hU9!aJ7JvG,Jennifer,Brown,jbrown17@gmail.com,2143456743,7.3359E+15,28-May,243
micgar48,sR4!PTzeCd,Michael,Garcia,mgarcia24@gmail.com,3767371534,8.64841E+15,27-Mar,143
karjoh79,aT2^J4u7KO,Karen,Johnson,kjohnson26@gmail.com,8572361804,6.14869E+15,24-Feb,784
bargon15,fY8^JeErbu,Barbara,Gonzalez,bgonzalez59@yahoo.com,7971867482,9.61484E+15,28-Jul,126
josrod91,tY4@uAqSDP,Joseph,Rodriguez,jrodriguez42@outlook.com,243284872,2.7339E+15,26-Sep,177
ricand91,nT2%KkNxId,Richard,Anderson,randerson95@yahoo.com,4678970522,8.45027E+15,25-Jan,673
marmar58,eS6&9ZVdUr,Mary,Martin,mmartin73@hotmail.com,7920728745,8.16197E+14,28-Feb,866
jenwil12,nO1^h42IRV,Jennifer,Wilson,jwilson61@yahoo.com,478957050,4.7577E+15,30-Nov,188
marmil25,eM9!k2SjxQ,Mary,Miller,mmiller90@yahoo.com,9993623159,8.33635E+14,28-Oct,148
johbro47,iW6#faDQDG,John,Brown,jbrown74@yahoo.com,8730294898,7.84036E+15,26-Feb,322
bargar51,aA0!XR9SYG,Barbara,Garcia,bgarcia78@outlook.com,5294447205,6.49765E+14,28-Sep,975
linmil25,tN6&UCmxRC,Linda,Miller,lmiller75@yahoo.com,8428597194,7.63498E+15,30-Sep,601
micgar33,nH7!wEYnpn,Michael,Garcia,mgarcia27@outlook.com,9561134571,9.7541E+15,26-Mar,962
chajoh60,gD1^FZxXc2,Charles,Johnson,cjohnson91@hotmail.com,321780074,8.94393E+15,29-May,186
susgon79,nD2*RidPge,Susan,Gonzalez,sgonzalez11@yahoo.com,8535758544,3.2841E+15,30-Mar,442
pattay52,bE1^88hB5p,Patricia,Taylor,ptaylor83@outlook.com,3744219756,7.60832E+15,30-Jul,863
jammoo66,rS0%y2AaoB,James,Moore,jmoore60@hotmail.com,3522069697,7.6278E+15,26-Jul,753
thogar90,fQ5*5MJ6RZ,Thomas,Garcia,tgarcia64@gmail.com,851561365,5.37093E+15,26-Jul,905
jentho20,xH4%RMifFM,Jennifer,Thomas,jthomas16@outlook.com,2089226591,8.70002E+15,27-Apr,595
charod14,uI2*PTPq8b,Charles,Rodriguez,crodriguez79@yahoo.com,9549186090,6.31432E+15,24-Feb,105
barrod29,cM2#Tjf3w4,Barbara,Rodriguez,brodriguez72@yahoo.com,6663140661,3.61669E+15,23-Nov,705
ricdav65,kT1@lv2sbn,Richard,Davis,rdavis59@hotmail.com,6786205025,9.65748E+14,26-Apr,441
jamjac74,hJ9*jqXQUe,James,Jackson,jjackson56@outlook.com,584534680,4.96598E+15,27-Feb,118
patgon57,lQ0#QJNXXl,Patricia,Gonzalez,pgonzalez91@gmail.com,4086104126,8.34304E+15,27-Apr,855
barmar25,oC6#4L2WwQ,Barbara,Martinez,bmartinez24@hotmail.com,2451477700,5.15981E+14,23-Jun,223
karwil88,aN1&WTOpet,Karen,Williams,kwilliams17@hotmail.com,8017727198,1.93249E+15,29-Jul,695
thorod20,uI9*YEDbgT,Thomas,Rodriguez,trodriguez41@outlook.com,7181904521,8.3527E+15,29-Jul,963
davmar90,cM9%vBMTdG,David,Martinez,dmartinez49@gmail.com,7252259542,3.94989E+15,30-Jul,463
jesmar64,nO4!fJGYvn,Jessica,Martin,jmartin86@yahoo.com,7740022,4.69235E+15,28-Nov,382
thoand20,iX1#PMB5zy,Thomas,Anderson,tanderson95@gmail.com,6314204276,2.44511E+15,25-Apr,273
robjac74,mC4&z7e2E0,Robert,Jackson,rjackson47@outlook.com,5634434665,7.68259E+15,23-Dec,700
susmar75,fX7%RhXDGE,Susan,Martin,smartin27@outlook.com,573193417,9.84207E+15,23-Jan,917
jammar94,cS6$M0bXsc,James,Martin,jmartin89@yahoo.com,4857871855,3.49617E+15,26-Feb,523
marher66,aX7&SsmnWF,Mary,Hernandez,mhernandez41@hotmail.com,3318185089,7.55555E+15,27-Aug,115
johmil73,tG7^phW6SO,John,Miller,jmiller11@hotmail.com,6694112380,7.90654E+15,23-May,222
jesmar69,pJ5&bHqYVr,Jessica,Martin,jmartin39@gmail.com,6630080960,5.14568E+15,25-Apr,998
sarmar31,nZ5@N9ENLg,Sarah,Martin,smartin35@yahoo.com,6830699,4.11363E+15,23-Oct,136
sarjac44,xO2#S527m6,Sarah,Jackson,sjackson67@gmail.com,3640948826,9.02084E+15,28-Jan,948
wiland65,yJ8^sTEOSt,William,Anderson,wanderson60@gmail.com,9651137747,8.69292E+15,23-Mar,189
thosmi74,dG3*bulWxi,Thomas,Smith,tsmith44@gmail.com,8104280750,4.05077E+15,30-Sep,538
elijoh68,kR9*6hsmUb,Elizabeth,Johnson,ejohnson58@gmail.com,6934288929,3.98455E+15,26-Jun,119
sarand33,bP5@e5Ubzp,Sarah,Anderson,sanderson11@hotmail.com,646934610,6.73242E+15,28-Apr,494
elimar54,hO9^sqO8v6,Elizabeth,Martin,emartin33@gmail.com,254435761,9.30668E+15,24-May,737
chagar31,lP6!Dx1mCb,Charles,Garcia,cgarcia85@hotmail.com,9293688792,4.78098E+15,28-Jun,117
robtay65,cB5%lNvoV8,Robert,Taylor,rtaylor75@hotmail.com,2725727948,3.98473E+15,26-Apr,472
bargar55,vU5^tDPM6f,Barbara,Garcia,bgarcia29@gmail.com,7203015916,6.64337E+15,30-Dec,158
jesand16,yT1$9KZmns,Jessica,Anderson,janderson86@yahoo.com,9046571527,1.13009E+15,29-Sep,338
jesdav71,cP2*v6l7Ww,Jessica,Davis,jdavis91@gmail.com,8675528915,1.51964E+15,28-Mar,869
patrod49,zU0^VR5SPb,Patricia,Rodriguez,prodriguez98@hotmail.com,5705224183,6.68501E+15,28-Nov,830
jamher91,kT0&3heVFF,James,Hernandez,jhernandez50@gmail.com,6574641933,2.96727E+15,30-Aug,216
micgar33,jZ7&ydUrBX,Michael,Garcia,mgarcia32@gmail.com,2996026519,7.00553E+15,27-Jul,769
sustay21,nS1!jIKhFz,Susan,Taylor,staylor24@hotmail.com,4099872302,1.43724E+15,24-Aug,170
jamjoh29,fV7!ehU7H1,James,Johnson,jjohnson10@gmail.com,5186891731,3.10545E+15,25-Jan,523
johlop54,oC6*fqoIQy,John,Lopez,jlopez47@gmail.com,918363639,2.67302E+15,24-Sep,227
ricjac79,bK7$GZlQbQ,Richard,Jackson,rjackson34@yahoo.com,2860040436,2.6316E+15,29-Aug,676
jamsmi41,qY7%YhIFEa,James,Smith,jsmith96@hotmail.com,569992439,5.3379E+15,30-Jan,222
thotay56,cN9*ixIPnb,Thomas,Taylor,ttaylor50@gmail.com,611905581,3.93324E+15,26-Mar,349
robgar25,lJ1@tVhFvr,Robert,Garcia,rgarcia62@yahoo.com,5515418182,5.95388E+15,30-Apr,936
robgar48,jQ0@J3Bl4L,Robert,Garcia,rgarcia86@hotmail.com,1577187725,7.01861E+15,30-Nov,960
thojac25,lB2^SSpVCT,Thomas,Jackson,tjackson10@yahoo.com,4498567839,7.13531E+15,24-Oct,988
sargar69,gH8@zMHi7I,Sarah,Garcia,sgarcia95@yahoo.com,6712866858,6.01975E+14,24-Aug,136
ricmar46,tO3@gQfrXw,Richard,Martin,rmartin67@outlook.com,4080354583,7.52595E+15,29-Dec,144
marmar52,sZ6&gPhGGW,Mary,Martin,mmartin58@gmail.com,8195723731,9.81196E+15,29-Jul,798
jamwil71,pX2*rseseh,James,Wilson,jwilson37@outlook.com,4025006616,5.35925E+15,23-Apr,265
patwil20,gZ4^1RuWLL,Patricia,Wilson,pwilson97@gmail.com,2046324146,6.81129E+15,27-Dec,589
ricbro35,aI7&AZbY14,Richard,Brown,rbrown29@outlook.com,5647756905,7.02469E+15,27-Apr,732
bargon74,gJ5*pwzr6v,Barbara,Gonzalez,bgonzalez36@gmail.com,9751460192,6.02029E+15,25-Jun,968
jeswil75,kI6@zs1IK0,Jessica,Williams,jwilliams63@outlook.com,2196150355,7.86308E+15,26-Nov,992
jeswil66,pK8&kLW04I,Jessica,Wilson,jwilson50@gmail.com,753732326,1.7376E+14,24-Mar,892
elimoo16,fC2$rZ1ZjQ,Elizabeth,Moore,emoore88@gmail.com,1062199456,4.52296E+15,26-Sep,837
marjon60,yL6*ey9rPp,Mary,Jones,mjones16@yahoo.com,8474783673,7.28286E+15,30-Sep,614
patwil96,tV2@txdpHO,Patricia,Williams,pwilliams34@hotmail.com,4279802642,7.6387E+14,27-Feb,344
jamjac84,yH4#eprwlg,James,Jackson,jjackson42@hotmail.com,1521113597,4.77301E+14,28-Aug,714
robsmi17,qB4!LW6Ccl,Robert,Smith,rsmith82@gmail.com,4302348920,5.42837E+14,27-Mar,146
josjoh54,rY2*sKBUcu,Joseph,Johnson,jjohnson18@hotmail.com,26965256,1.8892E+15,23-Aug,681
susdav18,jK3&h0384u,Susan,Davis,sdavis55@gmail.com,6785188458,5.5939E+15,26-Dec,274
johmar39,xD7%DHKUmq,John,Martin,jmartin74@yahoo.com,5684933525,8.6277E+15,26-Jan,800
patlop33,yQ9@O49xuQ,Patricia,Lopez,plopez87@gmail.com,6231411578,1.80147E+15,29-Dec,988
johjoh74,lU3*OgaSil,John,Johnson,jjohnson51@yahoo.com,7618066442,1.65582E+15,27-May,102
micmil16,fU8^IJEebf,Michael,Miller,mmiller19@yahoo.com,9704255218,2.09883E+15,26-May,513
suslop36,oK5!J2QYtN,Susan,Lopez,slopez14@gmail.com,5937933441,6.6788E+15,24-Dec,852
barjoh30,tN2@GjdNSI,Barbara,Johnson,bjohnson73@hotmail.com,7496310392,3.87166E+15,28-May,101
ricmar53,hJ9!JkDEIE,Richard,Martin,rmartin82@gmail.com,3137232154,1.5121E+15,28-May,713
sarbro46,sS2@kNuFzB,Sarah,Brown,sbrown36@hotmail.com,1852601002,5.24633E+15,29-Jan,321
thojon76,kQ1^ZxRjxo,Thomas,Jones,tjones55@yahoo.com,9123308095,8.03946E+15,29-May,658
patsmi72,rX5*5kV2E3,Patricia,Smith,psmith93@hotmail.com,9182282967,5.83657E+15,28-Aug,596
jeswil44,mF5%Pw6Pr7,Jessica,Williams,jwilliams69@hotmail.com,7089429689,4.70673E+15,23-Feb,309
ricmar88,tK7^A5FEym,Richard,Martinez,rmartinez36@outlook.com,1944189565,9.00111E+15,30-Sep,283
jamwil34,iF7#5hRvHc,James,Wilson,jwilson59@yahoo.com,5655061920,4.73389E+15,24-Mar,428
chawil81,pQ6&RrFOq3,Charles,Wilson,cwilson59@outlook.com,6279950864,6.42271E+15,27-Jan,643
lintay36,xI3^JZ0OUv,Linda,Taylor,ltaylor95@hotmail.com,9967925863,2.58259E+15,24-Dec,105
jammar12,oS0*iROBS4,James,Martin,jmartin91@gmail.com,9502141417,1.1015E+15,29-Dec,279
elidav87,wE2%yMmXra,Elizabeth,Davis,edavis65@hotmail.com,4636363377,2.81073E+15,24-May,181
richer99,jD9%NvT7Md,Richard,Hernandez,rhernandez94@gmail.com,6805927616,7.55913E+15,26-Sep,732
barsmi89,fV0^Px6Rph,Barbara,Smith,bsmith38@hotmail.com,7785078241,4.11657E+15,30-Oct,149
barlop62,cO6#21FshT,Barbara,Lopez,blopez36@hotmail.com,320362792,4.92389E+15,28-Feb,277
elitho59,sI3*Joqk8P,Elizabeth,Thomas,ethomas55@gmail.com,4115659414,4.20932E+15,24-Jun,913
robmar17,cB7%2HhsUe,Robert,Martinez,rmartinez99@yahoo.com,4822793075,2.6027E+15,28-Jun,395
jestay93,cU5$SW7zhR,Jessica,Taylor,jtaylor92@yahoo.com,2818145360,2.93559E+15,30-Mar,955
marsmi11,aQ1&ql2EwH,Mary,Smith,msmith72@hotmail.com,9078802317,3.71113E+15,23-Aug,784
sartay32,fF5@jjDhGn,Sarah,Taylor,staylor57@outlook.com,6950090837,8.54988E+15,24-May,681
sustho54,hG5&MiUAXR,Susan,Thomas,sthomas14@hotmail.com,534416647,9.45615E+15,27-Mar,291
eliand32,uP0%x7PwqJ,Elizabeth,Anderson,eanderson81@gmail.com,3710951981,4.63608E+15,24-Oct,726
ricjac42,dU1%CI7gPg,Richard,Jackson,rjackson32@gmail.com,8178126029,4.68205E+14,30-Aug,577
micjon83,xE4!WBq4wN,Michael,Jones,mjones88@outlook.com,9555129256,1.84185E+15,23-Oct,474
eligar41,xE7@Z6zBeB,Elizabeth,Garcia,egarcia38@yahoo.com,714882750,6.7481E+15,26-Nov,256
micmar41,xP9%EPYdho,Michael,Martinez,mmartinez34@yahoo.com,7820309153,4.53318E+15,24-Feb,353
suswil40,uG0#Z0qmMt,Susan,Wilson,swilson26@gmail.com,7842680997,9.4735E+15,25-Dec,159
davwil53,qR1^uGn7DK,David,Wilson,dwilson75@yahoo.com,9194858819,3.66341E+15,29-Jun,396
davjon63,hQ3!zIWhlY,David,Jones,djones18@hotmail.com,3004356088,9.51236E+15,23-Apr,478
josrod19,cT4*AWDPZk,Joseph,Rodriguez,jrodriguez81@yahoo.com,3825801740,2.39985E+15,28-Sep,266
thowil26,tI9^IQ6XB1,Thomas,Wilson,twilson29@yahoo.com,3228333520,7.43364E+14,24-Oct,466
jenand27,tT8@fKhFr5,Jennifer,Anderson,janderson83@yahoo.com,1433687647,8.93114E+14,26-Jan,756
willop28,xR1^4qucnY,William,Lopez,wlopez79@gmail.com,8863623588,8.99508E+15,28-Sep,865
bargon44,xD8%zHmqxQ,Barbara,Gonzalez,bgonzalez80@yahoo.com,550726732,7.34876E+15,28-Jan,689
jenand14,jG2#zZZCup,Jennifer,Anderson,janderson89@gmail.com,3799536994,8.14375E+14,30-Aug,724
ricbro32,iE0%B60yJ2,Richard,Brown,rbrown98@gmail.com,1200873522,9.02967E+15,25-Aug,791
chajac40,nK3#7e2wJ4,Charles,Jackson,cjackson76@yahoo.com,9194956154,3.49131E+15,27-Oct,676
thotho45,zD0*VE3BCw,Thomas,Thomas,tthomas72@outlook.com,9676541724,2.98257E+15,27-Oct,535
jenrod85,wT7$2wbRiu,Jennifer,Rodriguez,jrodriguez69@outlook.com,4792333679,8.22089E+15,27-Oct,211
davgar68,xX8#Qq0DKO,David,Garcia,dgarcia55@gmail.com,6247393884,9.7692E+15,25-Feb,917
thogon75,jA9&VOMDrt,Thomas,Gonzalez,tgonzalez65@outlook.com,1324909260,8.11385E+15,29-Jan,243
micmoo47,jW7@RmfdXY,Michael,Moore,mmoore41@hotmail.com,8544640211,4.02858E+15,29-Apr,166
jeswil38,mE8&5hXkmH,Jessica,Williams,jwilliams59@gmail.com,2759051844,3.26203E+15,25-Sep,435
kargar47,fU9$RophKE,Karen,Garcia,kgarcia14@yahoo.com,9514751083,2.94633E+15,23-Dec,701
chaher18,wF3@gGE1WP,Charles,Hernandez,chernandez74@yahoo.com,6147137152,9.05696E+15,23-Jun,421
lindav58,nZ5*qpNJCh,Linda,Davis,ldavis70@outlook.com,9148063696,7.40496E+15,30-Apr,551
lingon68,lH5%69zpG2,Linda,Gonzalez,lgonzalez98@hotmail.com,6524070946,6.88949E+15,29-Dec,333
jenjon25,yO8#g9e3pg,Jennifer,Jones,jjones72@yahoo.com,9441076047,3.4663E+15,29-Dec,695
jamjoh85,qR3&tu7MsD,James,Johnson,jjohnson43@gmail.com,7852849537,2.74574E+15,25-Jul,318
wilher61,mC0@EmKHs0,William,Hernandez,whernandez61@hotmail.com,3787399941,6.86583E+13,26-Feb,400
linmar58,bS8#jolMre,Linda,Martinez,lmartinez99@hotmail.com,1885835466,6.52852E+15,29-Jan,277
joslop45,rY1$1exi2F,Joseph,Lopez,jlopez65@gmail.com,417015790,2.59522E+15,24-Apr,594
robdav12,yC5$AeMjmu,Robert,Davis,rdavis48@gmail.com,9070124199,3.98716E+15,30-Jun,518
micdav56,hU5#pnKtg9,Michael,Davis,mdavis34@hotmail.com,638502066,6.21551E+15,25-Jun,409
linjon82,qU3$ctaoJW,Linda,Jones,ljones79@outlook.com,975640939,1.0881E+14,25-Jan,572
micwil88,vN4*S9yBZ1,Michael,Wilson,mwilson94@hotmail.com,9523011981,9.54286E+15,27-Feb,630
barmoo75,bB6!ivgVWZ,Barbara,Moore,bmoore55@gmail.com,1212634973,6.33669E+15,25-Jan,832
josdav63,cY9$qnjeke,Joseph,Davis,jdavis19@yahoo.com,9620587327,7.02775E+15,27-May,911
thotho90,yA5!eDNtUo,Thomas,Thomas,tthomas72@yahoo.com,9440746877,1.29324E+15,25-Sep,973
thojon72,vX9#KkF5O2,Thomas,Jones,tjones63@outlook.com,8512475367,3.13326E+15,29-Aug,353
johbro69,fH8%0wYrVK,John,Brown,jbrown52@hotmail.com,7297098520,7.56504E+15,30-Oct,554
elitho56,bF1!KDLU1q,Elizabeth,Thomas,ethomas83@gmail.com,2683967189,1.62806E+14,28-Jun,852
susrod38,kR9#BPqDIm,Susan,Rodriguez,srodriguez14@outlook.com,1986694707,9.99424E+15,24-May,437
elijon38,mJ8^UX0odv,Elizabeth,Jones,ejones96@yahoo.com,8578894901,8.91575E+15,27-Feb,237
johher71,cL4&KjLu21,John,Hernandez,jhernandez53@gmail.com,4256610729,3.72846E+14,27-Aug,645
jenmar18,fA6!TCwlof,Jennifer,Martinez,jmartinez15@gmail.com,4516929342,8.16655E+15,26-Apr,416
johher68,pC3^af2cMr,John,Hernandez,jhernandez36@outlook.com,3593177460,7.83581E+15,27-Jun,683
wiltho83,zX7&R3o3dz,William,Thomas,wthomas55@gmail.com,6504504980,1.87643E+15,27-Dec,862
jessmi36,rJ2*Nwrsn8,Jessica,Smith,jsmith79@outlook.com,4698609435,3.46006E+15,26-Dec,535
mictho93,cB6%Nn8Qbu,Michael,Thomas,mthomas25@hotmail.com,7789576366,1.19152E+15,27-Aug,888
jenjac26,wV9#2HJHj9,Jennifer,Jackson,jjackson51@outlook.com,6600014310,6.35329E+15,24-May,234
josgon37,oX4&YHO5tN,Joseph,Gonzalez,jgonzalez11@outlook.com,153616161,8.65411E+15,24-Aug,365
bardav92,bL3$7UCLP8,Barbara,Davis,bdavis61@gmail.com,3995617774,4.96724E+15,27-Mar,774
johjon71,dE6&sMdmsf,John,Jones,jjones69@hotmail.com,3616884510,2.37387E+15,24-May,618
davtay95,mG0@oZnVba,David,Taylor,dtaylor10@yahoo.com,3450307898,5.58444E+15,25-Jun,147
ricand18,lM9!OtvBfS,Richard,Anderson,randerson20@gmail.com,7039219071,3.50395E+15,23-May,678
linmoo76,mU0$UoPMxL,Linda,Moore,lmoore83@outlook.com,3029810007,9.76367E+15,27-Sep,449
wilmoo93,aL3%1lKPhm,William,Moore,wmoore71@outlook.com,7145096992,7.62241E+15,25-Sep,415
elibro78,vZ6$pZrXJd,Elizabeth,Brown,ebrown22@hotmail.com,7627184690,2.94198E+15,30-May,841
chatho64,wO8*4YkAY8,Charles,Thomas,cthomas89@hotmail.com,9607081203,1.19337E+15,24-Jan,188
davsmi20,vR1!BTOCG7,David,Smith,dsmith35@outlook.com,5149124379,8.90198E+14,23-Aug,531
sardav81,eT2!WRsRri,Sarah,Davis,sdavis38@outlook.com,8066695858,2.29146E+15,24-Jun,378
willop87,pO0&RFwjF5,William,Lopez,wlopez78@gmail.com,6065729594,3.81531E+15,25-Dec,547
chatay90,pC9#jNx82q,Charles,Taylor,ctaylor26@hotmail.com,2683615030,9.48715E+15,25-Jun,528
bartho63,pL7*fekXcy,Barbara,Thomas,bthomas81@outlook.com,7989655743,1.61332E+15,26-Sep,877
marsmi87,zT7$EnbPAg,Mary,Smith,msmith91@yahoo.com,4670533215,5.37013E+15,27-Jan,335
johmar75,sS8*VwQMdY,John,Martinez,jmartinez24@gmail.com,8152208401,2.07527E+15,28-Apr,122
suswil37,mI3@BjoBFr,Susan,Wilson,swilson37@gmail.com,7795618817,4.83767E+15,26-Feb,411
patgon73,gQ8^n5DfVC,Patricia,Gonzalez,pgonzalez23@yahoo.com,6983056330,3.7909E+15,25-Jan,437
wilwil13,kL5^yLj4fF,William,Williams,wwilliams92@outlook.com,2064311001,3.80936E+15,25-Aug,246
sartho42,uV7*VYLzXQ,Sarah,Thomas,sthomas99@hotmail.com,2160865051,3.34943E+15,30-Mar,144
jenwil21,tE4*YYMfci,Jennifer,Williams,jwilliams30@hotmail.com,3917501936,4.63905E+15,23-Oct,732
chalop34,pA1*TpJGps,Charles,Lopez,clopez20@outlook.com,2171861470,9.22863E+15,28-Dec,959
lingon82,gP8&2HZgzr,Linda,Gonzalez,lgonzalez51@gmail.com,6552098565,2.87609E+15,26-Mar,964
wilgon70,rX5@C6FtHA,William,Gonzalez,wgonzalez70@yahoo.com,7851136185,4.57076E+15,29-May,451
linher77,mU7*a2r3Sd,Linda,Hernandez,lhernandez90@gmail.com,4962762634,7.60222E+15,30-Mar,941
jengon81,sH3#Z64T15,Jennifer,Gonzalez,jgonzalez39@gmail.com,8737847581,6.09115E+15,26-May,762
linand87,mF4*xhf2Ti,Linda,Anderson,landerson63@yahoo.com,8906442496,3.1763E+15,26-Dec,807
karlop99,bY6!icx3xV,Karen,Lopez,klopez68@outlook.com,1941737453,3.20345E+15,24-Apr,343
davtay49,hL4@ji6bO9,David,Taylor,dtaylor54@yahoo.com,3851915315,8.44365E+15,23-Nov,475
johtay25,xL8@EUA5u6,John,Taylor,jtaylor46@outlook.com,6668226022,7.16659E+15,30-Jul,367
jenjon43,fC2*BMhWNw,Jennifer,Jones,jjones41@hotmail.com,1170843821,1.62589E+15,27-Apr,135
chawil15,kJ1^BlqdWT,Charles,Williams,cwilliams17@outlook.com,1177040444,5.11283E+15,30-May,169
micmil48,qC5$kh4GN3,Michael,Miller,mmiller40@gmail.com,6167341159,3.97286E+14,23-Aug,192
wiljon69,jE0$HqHE4V,William,Jones,wjones86@gmail.com,403861116,2.98778E+15,30-Sep,145
chamar24,oS7$zdDDFk,Charles,Martin,cmartin93@hotmail.com,6488150675,6.21919E+15,24-Jun,598
sarjon45,eY2!m240JU,Sarah,Jones,sjones14@outlook.com,4296432410,7.82078E+15,26-Sep,408
wilwil81,rY0!VW0CfK,William,Wilson,wwilson18@hotmail.com,1173325727,6.67286E+13,29-Jul,211
wiljon92,aT1@wbuCav,William,Jones,wjones51@hotmail.com,1062222782,8.15811E+15,23-Nov,486
jesmar97,dA0#ujJZlR,Jessica,Martinez,jmartinez58@gmail.com,5714231485,4.43228E+15,26-Feb,996
davher67,oG1@DEPDV4,David,Hernandez,dhernandez91@outlook.com,3900232865,6.47984E+15,25-Jan,479
karsmi59,wR3^kOuNen,Karen,Smith,ksmith89@yahoo.com,604607123,5.2596E+15,02/30,721
linmar15,wB2%j0o8iL,Linda,Martin,lmartin76@gmail.com,2821294633,5.32292E+15,23-Jan,291
barjon22,dU1&LeBBLY,Barbara,Jones,bjones23@outlook.com,3336607863,1.18207E+15,24-Aug,768
johrod79,vX3@POLgIf,John,Rodriguez,jrodriguez99@hotmail.com,921881657,1.25521E+15,25-Sep,514
robsmi19,fS2*4uzaOL,Robert,Smith,rsmith76@yahoo.com,9202830415,4.07525E+15,24-Nov,282
elismi66,gO0&KlXKzW,Elizabeth,Smith,esmith18@hotmail.com,4937283293,5.6098E+15,28-Oct,783
wiljac44,qS7&t9eOHz,William,Jackson,wjackson55@gmail.com,8741216866,1.64318E+15,27-Jan,313
wilrod77,gO7!aPiAWP,William,Rodriguez,wrodriguez36@hotmail.com,5398180382,5.24641E+15,25-Jan,658
jamrod30,jU5@SNluyo,James,Rodriguez,jrodriguez27@outlook.com,4731921644,8.34704E+14,23-Jan,364
ricmoo16,mT8*mRpnCK,Richard,Moore,rmoore44@yahoo.com,2288358688,1.08586E+15,29-May,942
linwil21,lP8^NYvZ4j,Linda,Wilson,lwilson57@gmail.com,9955662890,5.82205E+15,30-Aug,523
chatay19,tV1!TxTSOG,Charles,Taylor,ctaylor46@outlook.com,1247774609,1.41789E+15,30-Jun,399
susand91,dB9!iHSeoP,Susan,Anderson,sanderson28@gmail.com,9117206299,7.48285E+14,29-May,220
jenjoh17,uS7$2LtcW5,Jennifer,Johnson,jjohnson23@outlook.com,2366871475,8.24845E+15,24-Nov,785
micdav40,mA5&f0KV4q,Michael,Davis,mdavis56@gmail.com,4344591901,5.13351E+14,28-May,857
johsmi26,rO1$ra2k3Q,John,Smith,jsmith24@yahoo.com,1115529167,7.61083E+15,25-Jan,796
patsmi19,cR6*ZawoJ0,Patricia,Smith,psmith60@gmail.com,1157541051,2.56565E+13,27-Sep,517
karlop80,dB1&1yBN6m,Karen,Lopez,klopez64@hotmail.com,637761395,1.62797E+14,27-Mar,780
micjoh81,xS2*S7WLEj,Michael,Johnson,mjohnson87@outlook.com,1388430050,5.65757E+14,26-Jan,308
patjon83,oA4^KsRMGA,Patricia,Jones,pjones96@gmail.com,5631168775,6.90922E+15,30-Aug,554
wilwil13,mN6$xMBoTo,William,Wilson,wwilson18@yahoo.com,422435527,1.02269E+14,25-Dec,259
chagon57,wE0$LEzrI2,Charles,Gonzalez,cgonzalez15@yahoo.com,7782529694,5.30493E+15,27-Aug,251
wilmar11,aC6$3lVbRJ,William,Martinez,wmartinez37@yahoo.com,2086334264,3.70909E+14,24-Dec,670
jenlop25,qI8^vgDLgj,Jennifer,Lopez,jlopez96@hotmail.com,3211732573,6.92032E+15,24-Apr,358
josbro96,yP9!xXwYM7,Joseph,Brown,jbrown61@outlook.com,5679119408,1.70919E+14,27-Apr,147
sarmar18,oO4!KbT247,Sarah,Martin,smartin84@hotmail.com,5072870065,3.18695E+13,27-May,751
susgar23,cN6$mP6PpC,Susan,Garcia,sgarcia73@gmail.com,1246298150,3.47881E+15,26-May,804
elitay27,kG2@kzvNWs,Elizabeth,Taylor,etaylor59@yahoo.com,7821880590,3.47328E+14,24-Apr,178
sarwil47,gU8%Jfo3x1,Sarah,Wilson,swilson71@outlook.com,6887872068,7.06092E+15,29-Jan,273
patrod38,bM8!l2BibL,Patricia,Rodriguez,prodriguez74@yahoo.com,4199096674,2.18846E+15,26-Sep,585
jamand11,vE4$vtjtv4,James,Anderson,janderson21@hotmail.com,9084071264,3.0928E+15,27-Aug,354
sarmil98,qC0&qyOHTO,Sarah,Miller,smiller53@gmail.com,1024801534,7.4053E+15,23-Mar,738
jamtho98,iJ9*5Iyql3,James,Thomas,jthomas73@gmail.com,5294132503,3.91872E+15,28-Jul,223
sarrod15,fH3^48DRPM,Sarah,Rodriguez,srodriguez65@hotmail.com,3072256434,7.90893E+15,29-Nov,239
eliwil23,jL1&muSdLV,Elizabeth,Wilson,ewilson66@gmail.com,1883768433,5.2415E+15,30-Oct,618
jesand87,gQ9#qzPlig,Jessica,Anderson,janderson84@yahoo.com,2290577733,3.30025E+14,23-Jun,818
linbro95,rC3^QdsWQH,Linda,Brown,lbrown30@yahoo.com,9448501593,6.76355E+15,24-Aug,461
josjac10,pU3@LMBCfI,Joseph,Jackson,jjackson36@yahoo.com,3006245285,4.13178E+15,27-Mar,346
marrod69,nQ7%A2MxXu,Mary,Rodriguez,mrodriguez53@outlook.com,6091484498,2.39372E+15,25-Oct,300
chamar91,zM6@ZmmdBo,Charles,Martin,cmartin66@hotmail.com,107233799,5.47278E+15,24-Dec,141
suswil52,uF1#qGYfHM,Susan,Wilson,swilson35@hotmail.com,1947717459,5.65692E+14,26-Jul,561
robwil21,eQ5%YknrJK,Robert,Wilson,rwilson85@outlook.com,5604558774,3.10098E+13,24-Nov,505
susbro97,xC5*eY3pIu,Susan,Brown,sbrown75@yahoo.com,9578684230,1.96301E+13,29-Jan,124
johtho33,cL1!hieojc,John,Thomas,jthomas83@hotmail.com,4286810493,4.84609E+15,27-Aug,308
marwil21,oV7#XQ8z2x,Mary,Wilson,mwilson29@outlook.com,8491499396,3.89341E+15,28-Apr,867
susher44,yN8&4GgVEk,Susan,Hernandez,shernandez93@hotmail.com,5600493005,5.49209E+15,23-Mar,957
barwil89,bY0$V62Dyv,Barbara,Williams,bwilliams49@outlook.com,8888229962,8.9847E+15,23-Oct,519
ricgar77,tB2!2XHnoT,Richard,Garcia,rgarcia64@outlook.com,7320483699,4.45207E+15,30-Nov,706
davgar94,yW1#5xh71r,David,Garcia,dgarcia96@hotmail.com,241407406,6.95515E+15,29-Apr,515
jenmar68,kQ2^o5D4MU,Jennifer,Martin,jmartin78@hotmail.com,8276690101,9.99549E+15,25-Mar,979
johmil98,pW0$TS3VKq,John,Miller,jmiller94@outlook.com,7435642560,2.20573E+15,25-Jul,783
jesrod60,gF3#S9W6Dw,Jessica,Rodriguez,jrodriguez79@hotmail.com,2182107593,1.10512E+15,30-Oct,422
johgon59,uD6*kGEGMO,John,Gonzalez,jgonzalez67@outlook.com,5077326291,9.29668E+15,27-Oct,739
jamsmi81,cR8*Dbs03Z,James,Smith,jsmith40@hotmail.com,1623689159,5.50031E+15,24-Feb,190
lintay94,iL3&tUaY5z,Linda,Taylor,ltaylor56@outlook.com,3481715760,1.37244E+15,24-Jul,270
jesjon26,qA4@2rdNrF,Jessica,Jones,jjones88@gmail.com,7724608684,9.48809E+15,28-Sep,991
ricrod35,rC4*jpHgdb,Richard,Rodriguez,rrodriguez47@outlook.com,6480845933,8.0825E+15,29-Sep,633
linand53,tL3^LtbMPx,Linda,Anderson,landerson27@hotmail.com,9840507695,4.80195E+15,23-Jan,759
jenwil28,zQ4@wlNTDg,Jennifer,Wilson,jwilson30@hotmail.com,1905650891,2.16358E+14,26-Mar,791
davgar75,eQ4&7XaC5q,David,Garcia,dgarcia81@hotmail.com,5202954584,6.02148E+15,28-Oct,628
barjac72,wU1@EX5TdS,Barbara,Jackson,bjackson64@yahoo.com,8845854588,6.40504E+15,30-Apr,717
elimil95,bX8@HOO4U6,Elizabeth,Miller,emiller21@yahoo.com,3088178001,2.65811E+15,29-Sep,889
wiland57,xJ0&a1FGvl,William,Anderson,wanderson83@outlook.com,4531265688,7.38857E+15,23-Jun,486
johjac84,aC5@X6e1u4,John,Jackson,jjackson87@gmail.com,6832777884,4.71757E+15,23-Sep,810
patmoo57,hF0!jmB4us,Patricia,Moore,pmoore53@hotmail.com,2137771376,8.30685E+15,23-Mar,113
thojoh90,sA9!f4re5E,Thomas,Johnson,tjohnson41@outlook.com,3693442123,3.29668E+15,28-Jul,217
davmil67,dS0$C7L3C8,David,Miller,dmiller29@yahoo.com,156629848,5.23757E+13,02/29,300
robmil73,mZ0!k4WMfy,Robert,Miller,rmiller99@outlook.com,5524804780,3.33048E+15,24-Apr,565
patsmi31,nY0^INUgkl,Patricia,Smith,psmith40@hotmail.com,4399663464,6.64818E+15,27-Jul,247
riclop71,jV4#pnWqlQ,Richard,Lopez,rlopez20@gmail.com,7962297058,2.08E+15,26-Apr,345
jentho60,mU6%Qe0JWi,Jennifer,Thomas,jthomas26@outlook.com,6516147808,8.56481E+15,25-Nov,515
barmar78,bT4#72sqlC,Barbara,Martinez,bmartinez50@hotmail.com,8532662922,9.89281E+13,28-Sep,484
thomoo20,qL9%Xrhcox,Thomas,Moore,tmoore55@hotmail.com,4263819933,5.12763E+15,29-Aug,647
johjoh39,tE0&xByyQO,John,Johnson,jjohnson30@outlook.com,5039962622,1.9361E+15,30-Dec,666
bardav32,xJ2^p1UP2o,Barbara,Davis,bdavis47@outlook.com,143903055,9.59606E+15,25-Feb,416
sarmoo57,vH7$BnDjv8,Sarah,Moore,smoore58@hotmail.com,4075664119,6.58768E+15,02/30,852
jenwil27,fI9^unS6FQ,Jennifer,Wilson,jwilson71@gmail.com,7408295896,8.11365E+15,24-Jul,383
marmil49,aH8@rC8JwK,Mary,Miller,mmiller25@outlook.com,5100406460,8.91956E+15,26-Dec,704
davtho51,vK4&HHHglG,David,Thomas,dthomas14@gmail.com,7115244787,3.56412E+15,26-Jan,207
jamsmi85,eS0$nM8C8m,James,Smith,jsmith43@gmail.com,4845880125,8.17421E+15,28-Jan,141
mictay74,mV6#tB1JVP,Michael,Taylor,mtaylor99@gmail.com,8819790778,5.97723E+15,23-Apr,498
jamwil63,nE2#pADKJB,James,Wilson,jwilson74@hotmail.com,5583047955,7.12753E+15,30-Jul,987
robmar85,vI0*kWUq9I,Robert,Martin,rmartin92@yahoo.com,231665349,2.90232E+15,29-Dec,755
micwil92,hU4*t6WXmI,Michael,Williams,mwilliams33@gmail.com,5154086460,5.67384E+15,26-Mar,321
davjac59,dW9$UpZWg1,David,Jackson,djackson51@yahoo.com,8453224902,3.20794E+15,24-Dec,423
lingar40,aE7&UHT404,Linda,Garcia,lgarcia85@yahoo.com,671415617,8.59439E+15,28-Dec,312
johmar63,uM0$Y7CW1D,John,Martin,jmartin63@outlook.com,371681890,8.4696E+15,29-Dec,633
jostho79,vJ7&KNjVvv,Joseph,Thomas,jthomas23@outlook.com,2800839582,4.52427E+15,30-Jun,234
jenwil15,xK6%PVy7zF,Jennifer,Wilson,jwilson59@hotmail.com,2423351174,8.6602E+15,29-May,987
wilher83,lD1#7CJfcb,William,Hernandez,whernandez85@hotmail.com,5188180974,4.34939E+15,28-Jan,994
linjac41,sH2#QhG1ML,Linda,Jackson,ljackson29@outlook.com,8729603815,3.00925E+15,29-Dec,785
jossmi62,nM9#FKVOVq,Joseph,Smith,jsmith67@hotmail.com,7078872989,3.73122E+15,24-Jun,695
robwil12,tR9#Rjlryt,Robert,Williams,rwilliams46@gmail.com,6568210525,6.81599E+15,29-Dec,647
karsmi96,nY5$0v49Sm,Karen,Smith,ksmith37@hotmail.com,9924160935,1.45723E+15,30-Oct,822
josjon48,xM9&Z07jOc,Joseph,Jones,jjones33@yahoo.com,5859174335,3.21708E+15,26-Aug,524